{
  "overall": {
    "accuracy": 0.625945945945946,
    "weighted_f1": 0.6178183987464515,
    "loss": 1.1183497309684753
  },
  "per_class": {
    "Anger": {
      "precision": 0.6413043478260869,
      "recall": 0.7224489795918367,
      "f1_score": 0.6794625719769674,
      "support": 245
    },
    "Joy": {
      "precision": 0.6334841628959276,
      "recall": 0.5857740585774058,
      "f1_score": 0.6086956521739131,
      "support": 239
    },
    "Neutral/Other": {
      "precision": 0.6627906976744186,
      "recall": 0.6993865030674846,
      "f1_score": 0.6805970149253732,
      "support": 326
    },
    "Sadness": {
      "precision": 0.45098039215686275,
      "recall": 0.4423076923076923,
      "f1_score": 0.44660194174757284,
      "support": 52
    },
    "Surprise": {
      "precision": 0.3333333333333333,
      "recall": 0.1746031746031746,
      "f1_score": 0.22916666666666666,
      "support": 63
    }
  }
}