{
  "train_loss": [
    0.5351950793430723,
    0.3909704812384885,
    0.3405567345948055,
    0.2981182485818863,
    0.26475678358612387,
    0.215026565474169,
    0.17970609761260706,
    0.16217796854546357,
    0.15260539242419704,
    0.1263053585967884,
    0.11159324522354994,
    0.09724246081093262,
    0.09332796928055327,
    0.08383793812566276,
    0.07356806337062655,
    0.07074991950829482,
    0.06998412627405648,
    0.06168110031987829,
    0.06414099895106308,
    0.054521806497961796
  ],
  "train_acc": [
    0.8211821993777898,
    0.8601379683484377,
    0.880968483700798,
    0.8950358447179765,
    0.9069389963478967,
    0.9241174083592587,
    0.9364263492492899,
    0.9417016096307318,
    0.9438658190179899,
    0.9586094954686866,
    0.9629379142432031,
    0.9675368591911268,
    0.967807385364534,
    0.9694305424049777,
    0.9759231705667524,
    0.9753821182199378,
    0.9767347490869742,
    0.9802515893412688,
    0.9770052752603814,
    0.982821587988638
  ],
  "val_loss": [
    1.1183497309684753,
    1.2019405206044516,
    1.2750783999760946,
    1.3493484338124593,
    1.4418086886405945,
    1.4969381054242452,
    1.6146711905797322,
    1.7135464628537496,
    1.713999875386556,
    1.7346789121627808,
    1.8238304297129313,
    1.8759487549463907,
    1.9782081445058186,
    2.0079140583674113,
    1.9722419738769532,
    2.0182209412256875,
    2.0442723910013836,
    2.0483972867329916,
    2.068314790725708,
    2.05946368376414
  ],
  "val_acc": [
    0.625945945945946,
    0.614054054054054,
    0.6183783783783784,
    0.6237837837837837,
    0.6172972972972973,
    0.6162162162162163,
    0.6118918918918919,
    0.601081081081081,
    0.6108108108108108,
    0.6151351351351352,
    0.6043243243243244,
    0.5967567567567568,
    0.5945945945945946,
    0.601081081081081,
    0.601081081081081,
    0.5945945945945946,
    0.6043243243243244,
    0.6021621621621621,
    0.6021621621621621,
    0.6
  ],
  "val_f1": [
    0.6178183987464515,
    0.6035337566234873,
    0.6124873520075602,
    0.6165621291488431,
    0.6065587914808642,
    0.6087121892699692,
    0.6027583194575394,
    0.5909883061217746,
    0.6006345405401377,
    0.6073623043993535,
    0.5977608270362299,
    0.5908569637625535,
    0.5885974631166236,
    0.5941214288343483,
    0.5945009593869254,
    0.5864814086148559,
    0.5959510964467366,
    0.5959356006426356,
    0.5950795962813152,
    0.5925031511336725
  ]
}