{
  "overall": {
    "accuracy": 0.6464,
    "weighted_f1": 0.632753577893655,
    "loss": 1.001831367611885
  },
  "per_class": {
    "Anger": {
      "precision": 0.6871165644171779,
      "recall": 0.6746987951807228,
      "f1_score": 0.6808510638297872,
      "support": 166
    },
    "Joy": {
      "precision": 0.634020618556701,
      "recall": 0.6758241758241759,
      "f1_score": 0.6542553191489362,
      "support": 182
    },
    "Neutral/Other": {
      "precision": 0.6551724137931034,
      "recall": 0.7676767676767676,
      "f1_score": 0.7069767441860465,
      "support": 198
    },
    "Sadness": {
      "precision": 0.4117647058823529,
      "recall": 0.21212121212121213,
      "f1_score": 0.28,
      "support": 33
    },
    "Surprise": {
      "precision": 0.5263157894736842,
      "recall": 0.21739130434782608,
      "f1_score": 0.3076923076923077,
      "support": 46
    }
  }
}