{
  "train_loss": [
    1.3669703993827673,
    1.0067224441819889,
    0.7598987413439781,
    0.5806866310963965,
    0.48280824929665606
  ],
  "train_acc": [
    0.4178,
    0.6144,
    0.7176,
    0.7954,
    0.839
  ],
  "val_loss": [
    1.1244424551725387,
    1.0052768468856812,
    1.001831367611885,
    1.044758802652359,
    1.0694496750831604
  ],
  "val_acc": [
    0.592,
    0.6144,
    0.6464,
    0.6288,
    0.6272
  ],
  "val_f1": [
    0.5465270831755648,
    0.587158053562133,
    0.632753577893655,
    0.6159329503546099,
    0.6153386328742088
  ]
}