{
  "train_loss": [
    1.6819846697067946,
    1.6668394793955128,
    1.6441273886835976,
    1.6488099235497164,
    1.6154644998271814,
    1.6058515166298728,
    1.5732462459735657,
    1.5444201231002808,
    1.4937532976102292,
    1.406741735975394,
    1.3076503772414132,
    1.2285452319330044,
    1.1144676396016324,
    0.9858924466907308,
    0.9222941897558362
  ],
  "train_acc": [
    0.2406755805770584,
    0.23997185080928923,
    0.28641801548205487,
    0.34201266713581985,
    0.36030964109781843,
    0.35116115411681914,
    0.37579169598874035,
    0.4130893736805067,
    0.4517945109078114,
    0.4996481351161154,
    0.5467980295566502,
    0.5770584095707249,
    0.6629134412385644,
    0.6966924700914848,
    0.7480647431386348
  ],
  "val_loss": [
    1.546649158000946,
    1.5307056903839111,
    1.511187802661549,
    1.5354423035274853,
    1.56983205947009,
    1.5638394247401843,
    1.5397528057748622,
    1.5213850411501797,
    1.6187274185093967,
    1.6342347453940997,
    1.6961726979775862,
    1.7791749835014343,
    1.7580143863504583,
    2.003199723633853,
    1.9837770136919888
  ],
  "val_acc": [
    0.10982658959537572,
    0.2658959537572254,
    0.20809248554913296,
    0.3872832369942196,
    0.3468208092485549,
    0.24277456647398843,
    0.2832369942196532,
    0.36416184971098264,
    0.30057803468208094,
    0.35260115606936415,
    0.3988439306358382,
    0.3815028901734104,
    0.30057803468208094,
    0.36416184971098264,
    0.35260115606936415
  ],
  "val_f1": [
    0.04685263881700914,
    0.11919677039628163,
    0.14742242782798853,
    0.3030329934912326,
    0.3133897892424461,
    0.21801942644403702,
    0.26374396316592846,
    0.3607387892184332,
    0.3019077944393723,
    0.35378172066465197,
    0.37158664464995933,
    0.35615168286858384,
    0.30664013916430005,
    0.3189175747852989,
    0.33493926829526965
  ],
  "learning_rates": [
    1e-05,
    1e-05,
    1e-05,
    1e-05,
    1e-05,
    1e-05,
    1e-05,
    1e-05,
    1e-05,
    1e-05,
    1e-05,
    1e-05,
    1e-05,
    1e-05,
    1e-05
  ]
}