{
  "train_loss": [
    1.61861815166207,
    1.5809944651646322,
    1.5455448920500345,
    1.5045124378950236,
    1.4495128766118481,
    1.367989839122282,
    1.278799122272257,
    1.1820402558289427,
    1.0770659709775914,
    1.0064167167221367,
    0.9578943215934924,
    0.8790346727024909
  ],
  "train_acc": [
    0.25593990216631723,
    0.2854647099930119,
    0.3282669461914745,
    0.3577917540181691,
    0.3890635918937806,
    0.4350104821802935,
    0.4802585604472397,
    0.5345911949685535,
    0.5870020964360587,
    0.6441299790356394,
    0.6862334032145353,
    0.7274633123689728
  ],
  "val_loss": [
    1.5820361168488213,
    1.550725571487261,
    1.5395103952159053,
    1.5359476079111514,
    1.5262245976406594,
    1.5602395379025003,
    1.6572703589563784,
    1.6137925593749336,
    1.7941556572914124,
    1.798635695291602,
    1.908085260702216,
    1.9953606932059578
  ],
  "val_acc": [
    0.24621733149931224,
    0.3603851444291609,
    0.30674002751031637,
    0.3603851444291609,
    0.3576341127922971,
    0.3686382393397524,
    0.34112792297111416,
    0.3631361760660248,
    0.4305364511691884,
    0.3576341127922971,
    0.40027510316368636,
    0.4332874828060523
  ],
  "val_f1": [
    0.26986887657932457,
    0.35598547530707947,
    0.31100371793612147,
    0.38604398560400566,
    0.3777740979978848,
    0.39826889159124895,
    0.3699988813664129,
    0.3888480864714602,
    0.432396006388717,
    0.3733457773890956,
    0.40708136894857055,
    0.412804714125101
  ],
  "learning_rates": [
    1e-05,
    1e-05,
    1e-05,
    1e-05,
    1e-05,
    1e-05,
    1e-05,
    1e-05,
    1e-05,
    1e-05,
    1e-05,
    1e-05
  ]
}