{
  "train_loss": [
    1.4075967938588139,
    1.2947871342992985,
    1.1073103615000277,
    0.7562755519830728,
    0.38778526835803745
  ],
  "train_acc": [
    0.3647898493259318,
    0.46153846153846156,
    0.583928099392017,
    0.7380385937086968,
    0.8791964049696008
  ],
  "val_loss": [
    1.3192212462425232,
    1.3038045207659403,
    1.3826715807120005,
    1.6404127379258473,
    1.798887687921524
  ],
  "val_acc": [
    0.45665961945031713,
    0.4249471458773784,
    0.4376321353065539,
    0.3699788583509514,
    0.4164904862579281
  ],
  "val_f1": [
    0.4213120161774541,
    0.37210966145858565,
    0.4096769695735994,
    0.3460439043760377,
    0.4052163273250464
  ]
}