{
  "overall": {
    "accuracy": 0.6227027027027027,
    "weighted_f1": 0.608970496446867,
    "loss": 1.429050874710083
  },
  "per_class": {
    "Anger": {
      "precision": 0.6722689075630253,
      "recall": 0.6530612244897959,
      "f1_score": 0.6625258799171843,
      "support": 245
    },
    "Joy": {
      "precision": 0.5976095617529881,
      "recall": 0.6276150627615062,
      "f1_score": 0.6122448979591837,
      "support": 239
    },
    "Neutral/Other": {
      "precision": 0.6387434554973822,
      "recall": 0.7484662576687117,
      "f1_score": 0.6892655367231638,
      "support": 326
    },
    "Sadness": {
      "precision": 0.43478260869565216,
      "recall": 0.19230769230769232,
      "f1_score": 0.26666666666666666,
      "support": 52
    },
    "Surprise": {
      "precision": 0.3870967741935484,
      "recall": 0.19047619047619047,
      "f1_score": 0.2553191489361702,
      "support": 63
    }
  }
}