{
  "train_loss": [
    0.503311728480561,
    0.35122617835114744,
    0.2954771837283825,
    0.2710874918205985,
    0.2485609487469854,
    0.2218396894248395,
    0.19764670569064288,
    0.19863629071363087,
    0.16526007376097399,
    0.13779266718132743,
    0.11966886515889702,
    0.10984892855751617,
    0.09973979786295316,
    0.08408531691108284,
    0.07479277705966399,
    0.08167271778902746,
    0.06831978053528943,
    0.06678815124203162,
    0.05757565086643244,
    0.05518011960746913
  ],
  "train_acc": [
    0.8359258758284864,
    0.8732584877586906,
    0.8961179494116056,
    0.9005816312728256,
    0.9137021506830786,
    0.9210063573650751,
    0.9302042472609225,
    0.9287163533071825,
    0.9417016096307318,
    0.9518463411335046,
    0.9577979169484647,
    0.961450020289463,
    0.9659137021506831,
    0.9706479101853104,
    0.9733531719193832,
    0.9705126470986067,
    0.9752468551332342,
    0.9787636953875287,
    0.9798458000811578,
    0.9802515893412688
  ],
  "val_loss": [
    1.1512619972229003,
    1.2628798842430116,
    1.3921672145525614,
    1.3851433237393698,
    1.429050874710083,
    1.573275589942932,
    1.5894621809323628,
    1.6330481012662252,
    1.684404436747233,
    1.772738258043925,
    1.8548807660738627,
    1.8957697987556457,
    1.9328540881474814,
    1.9840046962102253,
    2.0011723279953,
    2.093232266108195,
    2.109609278043111,
    2.104806677500407,
    2.144980454444885,
    2.1444829225540163
  ],
  "val_acc": [
    0.614054054054054,
    0.6054054054054054,
    0.6194594594594595,
    0.6086486486486486,
    0.6227027027027027,
    0.6108108108108108,
    0.5989189189189189,
    0.6064864864864865,
    0.6097297297297297,
    0.6,
    0.6086486486486486,
    0.5989189189189189,
    0.6054054054054054,
    0.6108108108108108,
    0.5967567567567568,
    0.6,
    0.5956756756756757,
    0.5978378378378378,
    0.5935135135135136,
    0.5967567567567568
  ],
  "val_f1": [
    0.6066317108589967,
    0.5878076454082415,
    0.6044219960610869,
    0.5971702719781288,
    0.608970496446867,
    0.5990368686729224,
    0.5837072514278024,
    0.5947596618760015,
    0.598570180022418,
    0.5878265022196678,
    0.5958456199604124,
    0.5865524323598085,
    0.5933981396340208,
    0.5979201133052411,
    0.5853608869526912,
    0.5879854278518867,
    0.5833506487457449,
    0.5872052282140444,
    0.5815253636693193,
    0.5840039329102057
  ]
}