{
  "train_loss": [
    1.6435768845780143,
    1.3893149674966419,
    1.2214764577561412,
    1.0719734617862209,
    0.9686376601457596,
    0.900738086166053
  ],
  "train_acc": [
    0.2977140538347085,
    0.5430812931151089,
    0.6506154470445016,
    0.7400243473556066,
    0.8052211551467604,
    0.8655484918165832
  ],
  "val_loss": [
    1.4916292963356808,
    1.4162285697871242,
    1.4645972868491863,
    1.475141085427383,
    1.5162830147249946,
    1.5317902359469184
  ],
  "val_acc": [
    0.46378378378378377,
    0.5697297297297297,
    0.6151351351351352,
    0.5913513513513513,
    0.5956756756756757,
    0.6032432432432432
  ],
  "val_f1": [
    0.4982621699603645,
    0.5909348383461867,
    0.6230167293312194,
    0.6102448480633071,
    0.6098669888613945,
    0.6159111083046317
  ],
  "learning_rates": [
    1.8810810810810813e-05,
    1.6720720720720723e-05,
    1.4630630630630631e-05,
    1.2540540540540542e-05,
    1.0450450450450452e-05,
    8.360360360360362e-06
  ]
}