{
  "version": "v2",
  "improvements": [
    "Class weights (Sadness/Surprise ~5x)",
    "Data augmentation (rotation, flip, color jitter)",
    "Label smoothing (0.1)",
    "Gradient clipping (1.0)",
    "Early stopping (patience=4)",
    "ReduceLROnPlateau scheduler"
  ],
  "overall": {
    "accuracy": 0.4401650618982118,
    "weighted_f1": 0.42864216450457665,
    "loss": 1.9084990491037783,
    "best_epoch": 12,
    "total_epochs": 12
  },
  "per_class": {
    "Anger": {
      "precision": 0.5076923076923077,
      "recall": 0.518324607329843,
      "f1_score": 0.5129533678756477,
      "support": 191
    },
    "Joy": {
      "precision": 0.40404040404040403,
      "recall": 0.22727272727272727,
      "f1_score": 0.2909090909090909,
      "support": 176
    },
    "Neutral/Other": {
      "precision": 0.4851190476190476,
      "recall": 0.6059479553903345,
      "f1_score": 0.5388429752066116,
      "support": 269
    },
    "Sadness": {
      "precision": 0.1568627450980392,
      "recall": 0.17777777777777778,
      "f1_score": 0.16666666666666666,
      "support": 45
    },
    "Surprise": {
      "precision": 0.21739130434782608,
      "recall": 0.21739130434782608,
      "f1_score": 0.21739130434782608,
      "support": 46
    }
  }
}