{
  "train_loss": [
    1.7574709480701212,
    1.7345764184131303,
    1.6999769657017798,
    1.6662263936836625,
    1.6224119270314052,
    1.5593519170857009,
    1.4816788534878353,
    1.3902953809866025,
    1.29407887085856,
    1.2159049560903836,
    1.1538308166258828,
    1.0964849897603084
  ],
  "train_acc": [
    0.14954577218728163,
    0.15443745632424877,
    0.22379454926624737,
    0.2709643605870021,
    0.3118448637316562,
    0.37351502445842066,
    0.4285464709993012,
    0.49615653389238296,
    0.5656883298392732,
    0.6198462613556953,
    0.6678895877009084,
    0.7120894479385046
  ],
  "val_loss": [
    1.7356851308242134,
    1.7111386008884595,
    1.6870073080062866,
    1.675565631493278,
    1.6671607649844626,
    1.6866592687109243,
    1.7260732443436333,
    1.7589300922725513,
    1.7742280493611875,
    1.8054002056951108,
    1.8871960121652354,
    1.9084990491037783
  ],
  "val_acc": [
    0.07565337001375516,
    0.1953232462173315,
    0.20495185694635487,
    0.2063273727647868,
    0.2792297111416781,
    0.3081155433287483,
    0.297111416781293,
    0.33700137551581844,
    0.3576341127922971,
    0.3425034387895461,
    0.39752407152682256,
    0.4401650618982118
  ],
  "val_f1": [
    0.016520511958837292,
    0.20502335483858736,
    0.23121079234272124,
    0.21719589611301174,
    0.3095459545322856,
    0.34329401647738694,
    0.3342674703777194,
    0.3639292162884816,
    0.376922639443343,
    0.3736550046885573,
    0.4074302128150443,
    0.42864216450457665
  ],
  "learning_rates": [
    1e-05,
    1e-05,
    1e-05,
    1e-05,
    1e-05,
    1e-05,
    1e-05,
    1e-05,
    1e-05,
    1e-05,
    1e-05,
    1e-05
  ]
}