{
  "overall": {
    "accuracy": 0.6416,
    "weighted_f1": 0.6305983916313893,
    "loss": 1.3041538834571837
  },
  "per_class": {
    "Anger": {
      "precision": 0.6863905325443787,
      "recall": 0.6987951807228916,
      "f1_score": 0.6925373134328359,
      "support": 166
    },
    "Joy": {
      "precision": 0.6190476190476191,
      "recall": 0.7142857142857143,
      "f1_score": 0.6632653061224489,
      "support": 182
    },
    "Neutral/Other": {
      "precision": 0.6733668341708543,
      "recall": 0.6767676767676768,
      "f1_score": 0.6750629722921915,
      "support": 198
    },
    "Sadness": {
      "precision": 0.5714285714285714,
      "recall": 0.12121212121212122,
      "f1_score": 0.2,
      "support": 33
    },
    "Surprise": {
      "precision": 0.425,
      "recall": 0.3695652173913043,
      "f1_score": 0.3953488372093023,
      "support": 46
    }
  }
}