{
  "train_loss": [
    0.6593880106376696,
    0.49289301188686224,
    0.4214483573089672,
    0.37397621458844293,
    0.35405453341671184,
    0.31284165703043154,
    0.2746041882075841,
    0.2679805551903157,
    0.2510862360838093,
    0.19754339405630209,
    0.16735834878268122,
    0.13399577980177313,
    0.10105852678984026,
    0.08720316568130179,
    0.0897477704300722,
    0.07550060388313819,
    0.08702338620124361,
    0.0637650946980413,
    0.05882045425050243,
    0.056116789166780215
  ],
  "train_acc": [
    0.7816,
    0.8306,
    0.851,
    0.8688,
    0.8822,
    0.8904,
    0.9042,
    0.9098,
    0.9104,
    0.9336,
    0.9454,
    0.9548,
    0.97,
    0.972,
    0.9732,
    0.9758,
    0.9784,
    0.982,
    0.983,
    0.9834
  ],
  "val_loss": [
    1.0962803602218627,
    1.1328005075454712,
    1.2105510771274566,
    1.2355867862701415,
    1.3041538834571837,
    1.3241392731666566,
    1.3947745621204377,
    1.4344790875911713,
    1.4884994208812714,
    1.5013970196247102,
    1.5129826188087463,
    1.5887757301330567,
    1.692309844493866,
    1.7149567127227783,
    1.7380571484565734,
    1.7627314567565917,
    1.8240663051605224,
    1.822061800956726,
    1.8230963706970216,
    1.8510786414146423
  ],
  "val_acc": [
    0.6304,
    0.6336,
    0.6368,
    0.6208,
    0.6416,
    0.6192,
    0.624,
    0.632,
    0.6112,
    0.6304,
    0.6368,
    0.6288,
    0.6208,
    0.624,
    0.6224,
    0.6176,
    0.624,
    0.6208,
    0.616,
    0.6192
  ],
  "val_f1": [
    0.6227572351814749,
    0.6255348944141513,
    0.6294833858787001,
    0.6137807887368992,
    0.6305983916313893,
    0.6153911984204542,
    0.6177183055405013,
    0.6236740183587386,
    0.6074678232908068,
    0.6236722268569084,
    0.6300611636769817,
    0.6205075016224613,
    0.6112457997845292,
    0.612580301667684,
    0.6097677973930279,
    0.6046923375473591,
    0.6155074429813425,
    0.6103291981318547,
    0.603242031357997,
    0.6068667706263629
  ]
}