{
  "train_loss": [
    1.433045154179984,
    1.3663117929202755,
    1.2881062122864453,
    1.2016848296653935,
    1.0115639087630481
  ],
  "train_acc": [
    0.3735926305015353,
    0.44012282497441146,
    0.4872057318321392,
    0.5506653019447287,
    0.6325486182190379
  ],
  "val_loss": [
    1.4123951196670532,
    1.410658615476945,
    1.4242906465249903,
    1.4736268485293669,
    1.5888920812045826
  ],
  "val_acc": [
    0.34108527131782945,
    0.37209302325581395,
    0.43410852713178294,
    0.4186046511627907,
    0.4108527131782946
  ],
  "val_f1": [
    0.24891700866393068,
    0.27368733467927225,
    0.34976329713171816,
    0.37450594609462634,
    0.36017586486173786
  ]
}