{
  "train_loss": [
    1.497194716642643,
    1.2155429539752418,
    1.026092426016413,
    0.8577012477506851,
    0.7494745701551437,
    0.6824362249723797
  ],
  "train_acc": [
    0.3845529554984445,
    0.5770323278777222,
    0.6765859596916002,
    0.7635601244420398,
    0.8215879886379007,
    0.8774516434465035
  ],
  "val_loss": [
    1.3341105683096524,
    1.268710835226651,
    1.376352227967361,
    1.4123107133240536,
    1.4716144306906338,
    1.5054536441276813
  ],
  "val_acc": [
    0.5145945945945946,
    0.5989189189189189,
    0.6281081081081081,
    0.6205405405405405,
    0.6075675675675676,
    0.6194594594594595
  ],
  "val_f1": [
    0.5333433392412005,
    0.6078893452627615,
    0.6292347591325093,
    0.625029351176136,
    0.6106222404024957,
    0.6221337878585584
  ],
  "learning_rates": [
    1.8810810810810813e-05,
    1.6720720720720723e-05,
    1.4630630630630631e-05,
    1.2540540540540542e-05,
    1.0450450450450452e-05,
    8.360360360360362e-06
  ]
}